<?xml version="1.0" encoding="UTF-8" standalone="yes"?>
<addon id="metadata.themoviedb.org"
       name="The Movie Database"
       version="5.2.6"
       provider-name="Team Kodi">
  <requires>
    <import addon="xbmc.metadata" version="2.1.0"/>
    <import addon="metadata.common.imdb.com" version="2.9.2"/>
    <import addon="metadata.common.themoviedb.org" version="3.2.6"/>
    <import addon="plugin.video.youtube" version="4.4.10" optional="true"/>
  </requires>
  <extension point="xbmc.metadata.scraper.movies"
             language="en"
             library="tmdb.xml"/>
  <extension point="xbmc.addon.metadata">
    <summary lang="de_DE">TMDB Filmscraper</summary>
    <summary lang="en_GB">TMDB Movie Scraper</summary>
    <summary lang="en_US">TMDB Movie Scraper</summary>
    <description lang="de_DE">TheMovieDB.org ist eine freie und offene Filmdatenbank. Sie wird von Benutzern wie dir angetrieben. TheMovieDB wird zur Zeit von millionen Nutzern jeden Monat genutzt und dank ihrer mächtigen API ist sie auch von vielen Media-Center, wie z.B. Kodi, implementiert, um Film-Metadaten, -Poster und -Fanarts zu beziehen, die das Benutzererlebnis verbessern.</description>
    <description lang="en_GB">themoviedb.org is a free and open movie database. It's completely user driven by people like you. TMDb is currently used by millions of people every month and with their powerful API, it is also used by many popular media centers like Kodi to retrieve Movie Metadata, Posters and Fanart to enrich the user's experience.</description>
    <description lang="en_US">themoviedb.org is a free and open movie database. It's completely user driven by people like you. TMDb is currently used by millions of people every month and with their powerful API, it is also used by many popular media centers like Kodi to retrieve Movie Metadata, Posters and Fanart to enrich the user's experience.</description>
    <platform>all</platform>
    <license>GPL v2.0</license>
    <forum>https://forum.kodi.tv/showthread.php?tid=339672</forum>
    <website>https://www.themoviedb.org</website>
    <assets>
      <icon>icon.png</icon>
    </assets>
  </extension>
</addon>
