<?xml version="1.0" encoding="UTF-8" standalone="yes"?>
<addon id="metadata.themoviedb.org.python"
       name="The Movie Database Python"
       version="1.3.2"
       provider-name="Team Kodi">
  <requires>
    <import addon="xbmc.metadata" version="2.1.0"/>
    <import addon="xbmc.python" version="2.26.0"/>
  </requires>
  <extension point="xbmc.metadata.scraper.movies"
             library="python/scraper.py"/>
  <extension point="xbmc.addon.metadata">
    <reuselanguageinvoker>true</reuselanguageinvoker>
    <news>v1.3.2 (2021-03-13)
- Change: improve best match selection
- Change: poster language fallback to highest rated
- Fix: handle errors when connecting to TMDB

v1.3.0 - v1.3.1
- Change: removed dependencies on requests, tmdbsimple, and trakt modules
- Change: simplify artwork selection options</news>
    <summary lang="de_DE">TMDB Filmscraper</summary>
    <summary lang="el_GR">Scraper Ταινιών του TMDb</summary>
    <summary lang="en_GB">Python TMDB Movie Scraper</summary>
    <summary lang="en_NZ">Python TMDB Movie Scraper</summary>
    <summary lang="en_US">Python TMDB Movie Scraper</summary>
    <description lang="de_DE">TheMovieDB.org ist eine freie und offene Filmdatenbank. Sie wird von Benutzern wie dir angetrieben. TheMovieDB wird zur Zeit von millionen Nutzern jeden Monat genutzt und dank ihrer mächtigen API ist sie auch von vielen Media-Center, wie z.B. Kodi, implementiert, um Film-Metadaten, -Poster und -Fanarts zu beziehen, die das Benutzererlebnis verbessern.</description>
    <description lang="el_GR">Το themoviedb.org είναι μία δωρεάν και ανοικτή βάση δεδομένων ταινιών. Διαχειρίζεται πλήρως από ανθρώπους σαν και εσάς. Το TMDb χρησιμοποιείται από εκατομμύρια ανθρώπους κάθε μήνα, και με το πανίσχυρο API τους, χρησιμοποιείται και από πολλά δημοφιλή κέντρα πολυμέσων όπως το Kodi για να λαμβάνουν μετα-δεδομένα Ταινιών, Αφίσες και Fanart για εμπλουτισμό της εμπειρίας του χρήστη.</description>
    <description lang="en_GB">themoviedb.org is a free and open movie database. It's completely user driven by people like you. TMDb is currently used by millions of people every month and with their powerful API, it is also used by many popular media centers like Kodi to retrieve Movie Metadata, Posters and Fanart to enrich the user's experience.</description>
    <description lang="en_NZ">themoviedb.org is a free and open movie database. It's completely user driven by people like you. TMDb is currently used by millions of people every month and with their powerful API, it is also used by many popular media centers like Kodi to retrieve Movie Metadata, Posters and Fanart to enrich the user's experience.</description>
    <description lang="en_US">themoviedb.org is a free and open movie database. It's completely user driven by people like you. TMDb is currently used by millions of people every month and with their powerful API, it is also used by many popular media centers like Kodi to retrieve Movie Metadata, Posters and Fanart to enrich the user's experience.</description>
    <platform>all</platform>
    <license>GPL-2.0-or-later</license>
    <forum>https://forum.kodi.tv/showthread.php?tid=344580</forum>
    <website>https://www.themoviedb.org</website>
    <source>https://github.com/xbmc/metadata.themoviedb.org.python</source>
    <assets>
      <icon>resources/icon.png</icon>
    </assets>
  </extension>
</addon>
