<?xml version="1.0" encoding="UTF-8" standalone="yes"?>
<addon id="script.module.cryptopy" name="CryptoPy" version="1.2.10" provider-name="cryptopy.sourceforge.net">
  <requires>
    <import addon="xbmc.python" version="2.24.0"/>
  </requires>
  <extension point="xbmc.python.module" library="lib"/>
  <extension point="xbmc.addon.metadata">
    <summary lang="en">CryptoPy is a pure python implmentation of cryptographic algorithms and applications.</summary>
    <description lang="en">CryptoPy is a pure python implmentation of cryptographic algorithms and applications. The algorithms are developed for readability more than speed. The collection now includes IEEE 802.11i specific algorithms that generated the test vectors for 802.11i.</description>
    <platform>all</platform>
    <assets>
      <icon>icon.png</icon>
    </assets>
  </extension>
</addon>
