<?xml version="1.0" encoding="UTF-8" standalone="yes"?>
<addon id="metadata.tvdb.com"
       name="The TVDB"
       version="3.2.8"
       provider-name="Team Kodi">
  <requires>
    <import addon="xbmc.metadata" version="2.1.0"/>
    <import addon="metadata.common.imdb.com" version="2.9.2"/>
  </requires>
  <extension point="xbmc.metadata.scraper.tvshows"
             language="multi"
             library="tvdb.xml"
             cachepersistence="00:15"/>
  <extension point="xbmc.addon.metadata">
    <summary lang="de_DE">Lade TV-Show-Metadaten von TheTVDB.com</summary>
    <summary lang="el_GR">Λήψη μετα-δεδομένων σειρών από το TVDB.com</summary>
    <summary lang="en_GB">Fetch TV show metadata from TheTVDB.com</summary>
    <summary lang="en_NZ">Fetch TV show metadata from TheTVDB.com</summary>
    <summary lang="en_US">Fetch TV show metadata from TheTVDB.com</summary>
    <description lang="de_DE">TheTVDB.com ist ein Scraper für TV-Shows. Die Seite ist eine riesige, offene Datenbank, die von jedem angepasst werden kann und weitreichende Metadaten für viele TV-Shows, in verschiedenen Sprachen, enthält. Alle Inhalte und Bilder dieser Seite wurden von Benutzern für Benutzer zusammengetragen und folgen dabei dem hohen Standard für Qualität. Das Datenbankschema sowie die Webseite sind nach der GPL-Lizenvereinbarung OpenSource.</description>
    <description lang="el_GR">Το TVDB.com είναι ένα Scraper Τηλεόρασης. Η ιστοσελίδα είναι μία τεράστια ανοικτή βάση δεδομένων η οποία μπορεί να τροποποιηθεί από τον καθένα και περιέχει πλήρη μετα-δεδομένα για πολλές σειρές σε διάφορες γλώσσες. Όλο το περιεχόμενο και οι εικόνες στην ιστοσελίδα προέρχονται από τους χρήστες του, και έχουν υψηλά πρότυπα ποιότητας. Το σχήμα της βάσης δεδομένων και της ιστοσελίδας είναι ανοικτού κώδικα υπό το GPL.</description>
    <description lang="en_GB">TheTVDB.com is a TV Scraper. The site is a massive open database that can be modified by anybody and contains full meta data for many shows in different languages. All content and images on the site have been contributed by their users for users and have a high standard or quality. The database schema and website are open source under the GPL.</description>
    <description lang="en_NZ">TheTVDB.com is a TV Scraper. The site is a massive open database that can be modified by anybody and contains full meta data for many shows in different languages. All content and images on the site have been contributed by their users for users and have a high standard or quality. The database schema and website are open source under the GPL.</description>
    <description lang="en_US">TheTVDB.com is a TV Scraper. The site is a massive open database that can be modified by anybody and contains full meta data for many shows in different languages. All content and images on the site have been contributed by their users for users and have a high standard or quality. The database schema and website are open source under the GPL.</description>
    <platform>all</platform>
    <license>GPL v2.0</license>
    <forum></forum>
    <website>https://www.thetvdb.com</website>
    <assets>
      <icon>icon.png</icon>
    </assets>
  </extension>
</addon>
