<?xml version="1.0" encoding="UTF-8" standalone="yes"?>
<addon id="metadata.tvshows.themoviedb.org"
       name="The Movie Database"
       version="3.5.13"
       provider-name="Team Kodi">
  <requires>
    <import addon="xbmc.metadata" version="2.1.0"/>
    <import addon="metadata.common.fanart.tv" version="3.1.0"/>
    <import addon="metadata.common.imdb.com" version="2.9.2"/>
  </requires>
  <extension point="xbmc.metadata.scraper.tvshows"
             language="en"
             library="tmdb.xml"
             cachepersistence="00:15"/>
  <extension point="xbmc.addon.metadata">
    <summary lang="de_DE">TMDB Fernsehserien Scraper</summary>
    <summary lang="el_GR">Scraper Τηλ. Σειρών του TMDb</summary>
    <summary lang="en_GB">TMDB TV show Scraper</summary>
    <summary lang="en_US">TMDB TV show Scraper</summary>
    <summary lang="es_ES">Scraper de series TMDB</summary>
    <description lang="da_DK">themoviedb.org er en fri og åben filmdatabase. Den er helt og aldeles brugerdrevet af folk som dig. TMDb bruges i dag af millioner af mennesker hver måned, og med deres kraftfulde API er den også brugt af mange populære mediecentre såsom Kodi til at hente metadata, plakater og fankunst til film, for at berige brugerens oplevelse.</description>
    <description lang="de_DE">TheMovieDB.org ist eine freie und offene Filmdatenbank. Sie wird von Benutzern wie dir angetrieben. TheMovieDB wird zur Zeit von millionen Nutzern jeden Monat genutzt und dank ihrer mächtigen API ist sie auch von vielen Media-Center, wie z.B. Kodi, implementiert, um Film-Metadaten, -Poster und -Fanarts zu beziehen, die das Benutzererlebnis verbessern.</description>
    <description lang="el_GR">Το themoviedb.org είναι μία δωρεάν και ανοικτή βάση δεδομένων ταινιών. Διαχειρίζεται πλήρως από ανθρώπους σαν και εσάς. Το TMDb χρησιμοποιείται από εκατομμύρια ανθρώπους κάθε μήνα, και με το πανίσχυρο API τους, χρησιμοποιείται και από πολλά δημοφιλή κέντρα πολυμέσων όπως το Kodi για να λαμβάνουν μετα-δεδομένα Ταινιών, Αφίσες και Fanart για εμπλουτισμό της εμπειρίας του χρήστη.</description>
    <description lang="en_GB">themoviedb.org is a free and open movie database. It's completely user driven by people like you. TMDb is currently used by millions of people every month and with their powerful API, it is also used by many popular media centers like Kodi to retrieve Movie Metadata, Posters and Fanart to enrich the user's experience.</description>
    <description lang="en_NZ">themoviedb.org is a free and open movie database. It's completely user driven by people like you. TMDb is currently used by millions of people every month and with their powerful API, it is also used by many popular media centers like Kodi to retrieve Movie Metadata, Posters and Fanart to enrich the user's experience.</description>
    <description lang="en_US">themoviedb.org is a free and open movie database. It's completely user driven by people like you. TMDb is currently used by millions of people every month and with their powerful API, it is also used by many popular media centers like Kodi to retrieve Movie Metadata, Posters and Fanart to enrich the user's experience.</description>
    <platform>all</platform>
    <license>GPL v2.0</license>
    <forum>https://forum.kodi.tv/showthread.php?tid=200504</forum>
    <website>https://www.themoviedb.org/</website>
    <assets>
        <icon>icon.png</icon>
    </assets>
  </extension>
</addon>
