<?xml version="1.0" encoding="UTF-8" standalone="yes"?>
<addon id="script.kodi.loguploader" name="Kodi Logfile Uploader" version="0.6.0" provider-name="Team Kodi">
	<requires>
		<import addon="xbmc.python" version="2.25.0"/>
		<import addon="script.module.pyqrcode" version="0.0.1"/>
		<import addon="script.module.requests" version="2.12.4"/>
	</requires>
	<extension point="xbmc.python.script" library="default.py">
		<provides>executable</provides>
	</extension>
	<extension point="xbmc.addon.metadata">
		<summary lang="en_GB">Uploads your kodi.log file.</summary>
		<description lang="en_GB">Uploads your kodi.log file and returns an url you can post on http://forum.kodi.tv/</description>
		<platform>all</platform>
		<license>GPL-2.0-only</license>
		<forum>https://forum.kodi.tv/showthread.php?tid=288153</forum>
		<source>https://gitlab.com/ronie/script.kodi.loguploader/</source>
		<assets>
			<icon>resources/icon.png</icon>
		</assets>
		<news>- allow 2MB uploads</news>
	</extension>
</addon>
