<?xml version="1.0" encoding="UTF-8" standalone="yes"?>
<addon id="metadata.common.imdb.com"
       name="IMDB Scraper Library"
       version="3.1.6"
       provider-name="Team Kodi">
  <requires>
    <import addon="xbmc.metadata" version="2.1.0"/>
  </requires>
  <extension point="xbmc.metadata.scraper.library"
             library="imdb.xml"/>
  <extension point="xbmc.addon.metadata">
    <platform>all</platform>
    <summary lang="bg">Библиотека за сваляне на инф. от IMDB</summary>
    <summary lang="en">IMDB Scraper Library</summary>
    <description lang="bg">Сваля информация за филми от www.imdb.com</description>
    <description lang="en">Download Movie information from www.imdb.com</description>
   </extension>
</addon>
