<?xml version="1.0" encoding="UTF-8" standalone="yes"?>
<addon id="metadata.common.themoviedb.org"
       name="The Movie Database Scraper Library"
       version="3.2.14"
       provider-name="Team Kodi">
  <requires>
    <import addon="xbmc.metadata" version="2.1.0"/>
  </requires>
  <extension point="xbmc.metadata.scraper.library"
             library="tmdb.xml"/>
  <extension point="xbmc.addon.metadata">
    <platform>all</platform>
    <summary lang="bg">Библиотека за сваляне на инф. от TMDb</summary>
    <summary lang="en">TMDb Scraper Library</summary>
    <description lang="bg">Сваля миниатюри и fanarts от www.themoviedb.org</description>
    <description lang="en">Download thumbs and fanarts from www.themoviedb.org</description>
    </extension>
</addon>
