<?xml version="1.0" encoding="UTF-8" standalone="yes"?>
<addon id="script.module.yaml"
       name="PyYAML"
       version="4.1"
       provider-name="Kirill Simonov">
  <requires>
    <import addon="xbmc.python" version="2.14.0"/>
  </requires>
  <extension point="xbmc.python.module"
             library="lib" />
  <extension point="xbmc.addon.metadata">
    <platform>all</platform>
    <language></language>
    <summary lang="en">YAML parser and emitter for Python</summary>
    <description lang="en">A packaged version of files needed for the pyyamml library.</description>
    <disclaimer lang="en">Source code taken from original source repo</disclaimer>
    <license>MIT</license>
    <website>https://pyyaml.org</website>
    <source>https://github.com/yaml/pyyaml</source>
  </extension>
</addon>
