﻿<?xml version="1.0" encoding="UTF-8" standalone="yes"?>
<addon id="metadata.common.theaudiodb.com"
       name="TheAudioDb Scraper Library"
       version="2.0.3"
       provider-name="Team Kodi">
  <requires>
    <import addon="xbmc.metadata" version="2.1.0"/>
  </requires>
  <extension point="xbmc.metadata.scraper.library"
             library="tadb.xml"/>
  <extension point="xbmc.addon.metadata">
    <platform>all</platform>
    <summary lang="bg">Библиотека за сваляне на музикална инф. от TheAudioDb</summary>
    <summary lang="en">TheAudioDb Music Scraper Library</summary>
    <summary lang="de">Musik-Scraper für TheAudioDb.org</summary>
    <description lang="bg">Извлича инф. за музикални файлове от www.theaudiodb.com</description>
    <description lang="en">Download Music information from www.theaudiodb.com</description>
    <description lang="de">Downloade Musik Informationen von www.theaudiodb.com</description>
    </extension>
</addon>
