﻿<?xml version="1.0" encoding="UTF-8" standalone="yes"?>
<addon 
    id="plugin.image.best_sexbilder"
    name="[COLOR lime]Besten Sexbilder[/COLOR]"
    version="1.0.3" 
    provider-name="Loki1979 | SH Germania">
    <requires>
		<import addon="xbmc.python" version="2.1.0"/>
	</requires>
	<extension point="xbmc.python.pluginsource" library="addon.py">
		<provides>image</provides>
	</extension>
	<extension point="xbmc.addon.metadata">
		<platform>all</platform>
		<summary></summary>
		<description>
		</description>
		<license></license>
		<language></language>	
		<source></source>
		<email></email>
	</extension>
</addon>
