﻿<?xml version="1.0" encoding="UTF-8" standalone="yes"?>
<addon id="metadata.common.musicbrainz.org"
       name="MusicBrainz Scraper Library"
        version="2.2.4"
       provider-name="Team Kodi">
  <requires>
    <import addon="xbmc.metadata" version="2.1.0"/>
  </requires>
  <extension point="xbmc.metadata.scraper.library"
             library="musicbrainz.xml"/>
  <extension point="xbmc.addon.metadata">
    <platform>all</platform>
    <summary lang="bg">Библиотека за сваляне на музикална инф. от MusicBrainz</summary>
    <summary lang="en">MusicBrainz Music Scraper Library</summary>
    <summary lang="de">Musik-Scraper für musicbrainz.org</summary>
    <description lang="bg">Извлича инф. за музикални файлове от www.musicbrainz.org</description>
    <description lang="en">Download Music information from www.musicbrainz.org</description>
    <description lang="de">Downloade Musik Informationen von www.musicbrainz.org</description>
   </extension>
</addon>
