<?xml version="1.0" encoding="UTF-8" standalone="yes"?>
<addon id="metadata.album.universal"
       name="Universal Album Scraper"
       version="3.1.4"
       provider-name="Olympia, Team Kodi">
  <requires>
    <import addon="xbmc.metadata" version="2.1.0"/>
    <import addon="metadata.common.allmusic.com" version="3.1.0"/>
    <import addon="metadata.common.fanart.tv" version="3.1.0"/>
    <import addon="metadata.common.musicbrainz.org" version="2.1.2"/>
    <import addon="metadata.common.theaudiodb.com" version="1.8.1"/>
  </requires>
  <extension point="xbmc.metadata.scraper.albums"
             language="en"
             library="albumuniversal.xml"/>
  <extension point="xbmc.addon.metadata">
    <summary lang="de_DE">Universeller Scraper für Alben</summary>
    <summary lang="el_GR">Universal Scraper Άλμπουμ</summary>
    <summary lang="en_GB">Universal Scraper for Albums</summary>
    <summary lang="en_NZ">Universal Scraper for Albums</summary>
    <summary lang="en_US">Universal Scraper for Albums</summary>
    <summary lang="es_ES">Scraper universal para álbumes</summary>
    <description lang="de_DE">Dieser Scaper sammelt Informationen von den folgenden, unterstützten Seiten: MusicBrainz, Last.fm, Allmusic.com und Amazon.de. Es werden dabei Grafiken von den folgenden Seiten geladen: Fanart.tv, Last.fm und Allmusic.com. Von welcher Seite die Informationen geladen werden, kann einzeln konfiguriert werden.⏎ &#10;⏎&#10;Die initialie Suche wird immer über MusicBrainz durchgeführt. Sollten keine Allmusic- und/oder Amazon.de-Links auf der MusicBrainz-Seite gesetzt worden sein, können Felder von Allmusic.com und/oder Amazon.de nicht geladen werden (fehlende Links können jedoch sehr einfach hinzugefügt werden).</description>
    <description lang="el_GR">Αυτό το scraper συλλέγει πληροφορίες από τις ακόλουθες υποστηριζόμενες ιστοσελίδες: MusicBrainz, last.fm, allmusic.com και amazon.de, ενώ λαμβάνει εικόνες από τα: fanart.tv, last.fm και allmusic.com. Μπορεί να οριστεί πεδίο ανά πεδίο αναλόγως των πληροφοριών που επιθυμείτε από την εκάστοτε ιστοσελίδα.&#10;&#10;Η αρχική αναζήτηση γίνεται πάντα στο MusicBrainz. Σε περίπτωση που δεν έχουν προστεθεί σύνδεσμοι για το allmusic ή/και το amazon.de στο MusicBrainz, δε θα μπορούν να ληφθούν πεδία από το allmusic.com ή/και το amazon.de (ωστόσο είναι πολύ εύκολο να προστεθούν αυτοί οι ελλιπείς σύνδεσμοι).</description>
    <description lang="en_GB">This scraper collects information from the following supported sites: MusicBrainz, last.fm, allmusic.com and amazon.de, while grabs artwork from: fanart.tv, last.fm and allmusic.com. It can be set field by field that from which site you want that specific information.&#10;&#10;The initial search is always done on MusicBrainz. In case allmusic and/or amazon.de links are not added on the MusicBrainz site, fields from allmusic.com and/or amazon.de cannot be fetched (very easy to add those missing links though).</description>
    <description lang="en_NZ">This scraper collects information from the following supported sites: MusicBrainz, last.fm, allmusic.com and amazon.de, while grabs artwork from: fanart.tv, last.fm and allmusic.com. It can be set field by field that from which site you want that specific information.&#10;&#10;The initial search is always done on MusicBrainz. In case allmusic and/or amazon.de links are not added on the MusicBrainz site, fields from allmusic.com and/or amazon.de cannot be fetched (very easy to add those missing links though).</description>
    <description lang="en_US">This scraper collects information from the following supported sites: MusicBrainz, last.fm, allmusic.com and amazon.de, while grabs artwork from: fanart.tv, last.fm and allmusic.com. It can be set field by field that from which site you want that specific information.&#10;&#10;The initial search is always done on MusicBrainz. In case allmusic and/or amazon.de links are not added on the MusicBrainz site, fields from allmusic.com and/or amazon.de cannot be fetched (very easy to add those missing links though).</description>
   
    <platform>all</platform>
    <license>GPL v2.0</license>
    <forum>https://forum.kodi.tv/showthread.php?tid=133547</forum>
    <assets>
        <icon>icon.png</icon>
    </assets>
  </extension>
</addon>
